{
  "project_info": {
    "project_number": "972592358927",
    "firebase_url": "https://thesaladbarapplication.firebaseio.com",
    "project_id": "thesaladbarapplication",
    "storage_bucket": "thesaladbarapplication.appspot.com"
  },
  "client": [
    {
      "client_info": {
        "mobilesdk_app_id": "1:972592358927:android:13c3c6a65bcbec53",
        "android_client_info": {
          "package_name": "com.example.myapplication"
        }
      },
      "oauth_client": [
        {
          "client_id": "972592358927-1gldpdun0690r8859v81qg3n35bj7e82.apps.googleusercontent.com",
          "client_type": 1,
          "android_info": {
            "package_name": "com.example.myapplication",
            "certificate_hash": "f054412339ec0f5fba80f4adf8aa63796f90f1c9"
          }
        },
        {
          "client_id": "972592358927-oul963lpdq361r4hgpjqjmc50n72t5kr.apps.googleusercontent.com",
          "client_type": 3
        }
      ],
      "api_key": [
        {
          "current_key": "AIzaSyBgRYKHMih7B-NJGIoyRc5tJRWKZ77GKys"
        }
      ],
      "services": {
        "appinvite_service": {
          "other_platform_oauth_client": [
            {
              "client_id": "972592358927-oul963lpdq361r4hgpjqjmc50n72t5kr.apps.googleusercontent.com",
              "client_type": 3
            }
          ]
        }
      }
    }
  ],
  "configuration_version": "1"
}